<?xml version='1.0' encoding='ISO-8859-1'  ?>
<!-- $Revision: 1.6 $ $Date: 2002/06/21 18:43:21 $ -->

<index version="1.0">
<indexitem>Noise Models
	<indexitem target="CNS.html">Colored Noise</indexitem>
	<indexitem target="WN.html">White Noise</indexitem>
	<indexitem target="kTCNoise.html">kT/C Noise</indexitem>
</indexitem>
<indexitem target="ADCDAC.html">ADC/DAC</indexitem>
<indexitem target="calcSNR.html">calcSNR</indexitem>
<indexitem target="PSD.html">Power Spectral Density</indexitem>
<indexitem target="SW.html">Switch Non-Linearity</indexitem>
<indexitem>Integrator Models
	<indexitem target="ReIntD.html">Real Integrator (with Delay)</indexitem>
	<indexitem target="ReIntND.html">Real Integrator (without Delay)</indexitem>
	<indexitem target="IdIntD.html">Ideal Integrator (with Delay)</indexitem>
	<indexitem target="IdIntND.html">Ideal Integrator (without Delay)</indexitem>
</indexitem>
<indexitem>Jitter Models
	<indexitem target="JSW.html">Jittered Sine Wave</indexitem>
	<indexitem target="Jitter.html">Sampling Jitter</indexitem>
</indexitem>
<indexitem>Resonator Models
	<indexitem target="ReRes.html">Real Resonator</indexitem>
	<indexitem target="IdRes.html">Ideal Resonator</indexitem>
</indexitem>
</index>
