<?xml version='1.0' encoding='ISO-8859-1' ?>
<!-- $Revision: 1.11 $ $Date: 2002/06/21 18:43:21 $ -->

<toc version="1.0">

<tocitem target="SDtoolbox_product_page.html" image="$toolbox/matlab/icons/book_sim.gif">SDtoolbox

	<tocitem target="CNS.html" image="$toolbox/matlab/icons/pagesicon.gif">Colored Noise</tocitem>

	<tocitem target="WN.html" image="$toolbox/matlab/icons/pagesicon.gif">White Noise</tocitem>

	<tocitem target="kTCNoise.html" image="$toolbox/matlab/icons/pagesicon.gif">kT/C Noise</tocitem>

	<tocitem target="JSW.html" image="$toolbox/matlab/icons/pagesicon.gif">Jittered Sine Wave</tocitem>

	<tocitem target="Jitter.html" image="$toolbox/matlab/icons/pagesicon.gif">Sampling Jitter</tocitem>

	<tocitem target="SW.html" image="$toolbox/matlab/icons/pagesicon.gif">Switch Non-Linearity</tocitem>

	<tocitem target="ReIntD.html" image="$toolbox/matlab/icons/pagesicon.gif">Real Integrator (with Delay)</tocitem>

	<tocitem target="ReIntND.html" image="$toolbox/matlab/icons/pagesicon.gif">Real Integrator (no Delay)</tocitem>

	<tocitem target="ReRes.html" image="$toolbox/matlab/icons/pagesicon.gif">Real Resonator</tocitem>

	<tocitem target="IdIntD.html" image="$toolbox/matlab/icons/pagesicon.gif">Ideal Integrator (with Delay)</tocitem>

	<tocitem target="IdIntND.html" image="$toolbox/matlab/icons/pagesicon.gif">Ideal Integrator (no Delay)</tocitem>

	<tocitem target="IdRes.html" image="$toolbox/matlab/icons/pagesicon.gif">Ideal Resonator</tocitem>

	<tocitem target="PSD.html" image="$toolbox/matlab/icons/pagesicon.gif">Power Spectral Density</tocitem>

	<tocitem target="ADCDAC.html" image="$toolbox/matlab/icons/pagesicon.gif">ADC-DAC</tocitem>

	<tocitem target="calcSNR.html" image="$toolbox/matlab/icons/reficon.gif">Postprocessing (calcSNR)</tocitem>

	<tocitem target="demos.html" image="$toolbox/matlab/icons/demoicon.gif">Examples</tocitem>

</tocitem>

</toc>
