<productinfo>

<matlabrelease>14</matlabrelease>
<name>SDtoolbox</name>
<type>simulink</type>
<icon>$toolbox/simulink/simulink/simulinkicon.gif</icon>
<help_location>SDtoolboxhelp</help_location>

<list>

<listitem>
<label>Block Library</label>
<callback>SDtoolbox</callback>
<icon>$toolbox/simulink/simulink/simulinkicon.gif</icon>
</listitem>

<listitem>
<label>Help</label>
<callback>doc SDtoolbox/</callback>
<icon>$toolbox/matlab/icons/book_sim.gif</icon>
</listitem>

<listitem>
<label>Demos</label>
<callback>demo simulink SDtoolbox</callback>
<icon>$toolbox/matlab/icons/demoicon.gif</icon>
</listitem>

<listitem>
<label>Product Page (Web)</label>
<callback>web http://ims.unipv.it/ -browser;</callback>
<icon>$toolbox/matlab/icons/webicon.gif</icon>
</listitem>

</list>

</productinfo>


